title,movieInfo,star,quote
肖申克的救赎 / TheShawshankRedemption / 月黑高飞(港)/刺激1995(台),导演:弗兰克·德拉邦特FrankDarabont   主演:蒂姆·罗宾斯TimRobbins/...;1994 / 美国 / 犯罪剧情;;,9.6,希望让人自由。
霸王别姬 / 再见，我的妾/FarewellMyConcubine,导演:陈凯歌KaigeChen   主演:张国荣LeslieCheung/张丰毅FengyiZha...;1993 / 中国大陆香港 / 剧情爱情同性;;,9.6,风华绝代。
这个杀手不太冷 / Léon / 杀手莱昂/终极追杀令(台),导演:吕克·贝松LucBesson   主演:让·雷诺JeanReno/娜塔莉·波特曼...;1994 / 法国 / 剧情动作犯罪;;,9.4,怪蜀黍和小萝莉不得不说的故事。
阿甘正传 / ForrestGump / 福雷斯特·冈普,导演:RobertZemeckis   主演:TomHanks/RobinWrightPenn/GarySinise;1994 / 美国 / 剧情爱情;;,9.4,一部美国近现代史。
美丽人生 / Lavitaèbella / 一个快乐的传说(港)/LifeIsBeautiful,导演:罗伯托·贝尼尼RobertoBenigni   主演:罗伯托·贝尼尼RobertoBeni...;1997 / 意大利 / 剧情喜剧爱情战争;;,9.5,最美的谎言。
泰坦尼克号 / Titanic / 铁达尼号(港/台),导演:詹姆斯·卡梅隆JamesCameron   主演:莱昂纳多·迪卡普里奥Leonardo...;1997 / 美国 / 剧情爱情灾难;;,9.3,失去的才是永恒的。 
千与千寻 / 千と千尋の神隠し / 神隐少女(台)/SpiritedAway,导演:宫崎骏HayaoMiyazaki   主演:柊瑠美RumiHîragi/入野自由Miy...;2001 / 日本 / 剧情动画奇幻;;,9.3,最好的宫崎骏，最好的久石让。 
辛德勒的名单 / Schindler'sList / 舒特拉的名单(港)/辛德勒名单,导演:史蒂文·斯皮尔伯格StevenSpielberg   主演:连姆·尼森LiamNeeson...;1993 / 美国 / 剧情历史战争;;,9.5,拯救一个人，就是拯救整个世界。
盗梦空间 / Inception / 潜行凶间(港)/全面启动(台),导演:克里斯托弗·诺兰ChristopherNolan   主演:莱昂纳多·迪卡普里奥Le...;2010 / 美国英国 / 剧情科幻悬疑冒险;;,9.3,诺兰给了我们一场无法盗取的梦。
机器人总动员 / WALL·E / 瓦力(台)/太空奇兵·威E(港),导演:安德鲁·斯坦顿AndrewStanton   主演:本·贝尔特BenBurtt/艾丽...;2008 / 美国 / 爱情科幻动画冒险;;,9.3,小瓦力，大人生。
忠犬八公的故事 / Hachi:ADog'sTale / 忠犬小八(台)/秋田犬八千(港),导演:莱塞·霍尔斯道姆LasseHallström   主演:理查·基尔RichardGer...;2009 / 美国英国 / 剧情;;,9.3,永远都不能忘记你所爱的人。
三傻大闹宝莱坞 / 3Idiots / 三个傻瓜(台)/作死不离3兄弟(港),导演:拉库马·希拉尼RajkumarHirani   主演:阿米尔·汗AamirKhan/卡...;2009 / 印度 / 剧情喜剧爱情歌舞;;,9.2,英俊版憨豆，高情商版谢耳朵。
海上钢琴师 / Laleggendadelpianistasull'oceano / 声光伴我飞(港)/一九零零的传奇,导演:朱塞佩·托纳多雷GiuseppeTornatore   主演:蒂姆·罗斯TimRoth/...;1998 / 意大利 / 剧情音乐;;,9.2,每个人都要走一条自己坚定了的路，就算是粉身碎骨。 
放牛班的春天 / Leschoristes / 歌声伴我心(港)/唱诗班男孩,导演:克里斯托夫·巴拉蒂ChristopheBarratier   主演:杰拉尔·朱诺Géra...;2004 / 法国瑞士德国 / 剧情音乐;;,9.2,天籁一般的童声，是最接近上帝的存在。 
大话西游之大圣娶亲 / 西遊記大結局之仙履奇緣 / 西游记完结篇仙履奇缘/齐天大圣西游记,导演:刘镇伟JeffreyLau   主演:周星驰StephenChow/吴孟达ManTatNg...;1995 / 香港中国大陆 / 喜剧爱情奇幻冒险;;,9.2,一生所爱。
楚门的世界 / TheTrumanShow / 真人Show(港)/真人戏,导演:彼得·威尔PeterWeir   主演:金·凯瑞JimCarrey/劳拉·琳妮Lau...;1998 / 美国 / 剧情科幻;;,9.2,如果再也不能见到你，祝你早安，午安，晚安。
星际穿越 / Interstellar / 星际启示录(港)/星际效应(台),导演:克里斯托弗·诺兰ChristopherNolan   主演:马修·麦康纳MatthewMc...;2014 / 美国英国加拿大冰岛 / 剧情科幻冒险;;,9.2,爱是一种力量，让我们超越时空感知它的存在。
教父 / TheGodfather / MarioPuzo'sTheGodfather,导演:弗朗西斯·福特·科波拉FrancisFordCoppola   主演:马龙·白兰度M...;1972 / 美国 / 剧情犯罪;;,9.2,千万不要记恨你的对手，这样会让你失去理智。
龙猫 / となりのトトロ / 邻居托托罗/邻家的豆豆龙,导演:宫崎骏HayaoMiyazaki   主演:日高法子NorikoHidaka/坂本千夏Ch...;1988 / 日本 / 动画奇幻冒险;;,9.1,人人心中都有个龙猫，童年就永远不会消失。
熔炉 / 도가니 / 无声呐喊(港)/漩涡,导演:黄东赫Dong-hyukHwang   主演:孔侑YooGong/郑有美Yu-miJeong...;2011 / 韩国 / 剧情;;,9.3,我们一路奋战不是为了改变世界，而是为了不让世界改变我们。
无间道 / 無間道 / InfernalAffairs/Mougaandou,导演:刘伟强/麦兆辉   主演:刘德华/梁朝伟/黄秋生;2002 / 香港 / 剧情犯罪悬疑;;,9.1,香港电影史上永不过时的杰作。
当幸福来敲门 / ThePursuitofHappyness / 寻找快乐的故事(港)/追求快乐,导演:加布里尔·穆奇诺GabrieleMuccino   主演:威尔·史密斯WillSmith...;2006 / 美国 / 剧情传记家庭;;,9.0,平民励志片。 
触不可及 / Intouchables / 闪亮人生(港)/逆转人生(台),导演:奥利维·那卡什OlivierNakache/艾力克·托兰达EricToledano   主...;2011 / 法国 / 剧情喜剧;;,9.2,满满温情的高雅喜剧。
怦然心动 / Flipped / 萌动青春/青春萌动,导演:罗伯·莱纳RobReiner   主演:玛德琳·卡罗尔MadelineCarroll/卡...;2010 / 美国 / 剧情喜剧爱情;;,9.0,真正的幸福是来自内心深处。
疯狂动物城 / Zootopia / 优兽大都会(港)/动物方城市(台),导演:拜伦·霍华德ByronHoward/瑞奇·摩尔RichMoore   主演:金妮弗·...;2016 / 美国 / 喜剧动画冒险;;,9.2,迪士尼给我们营造的乌托邦就是这样，永远善良勇敢，永远出乎意料。
乱世佳人 / GonewiththeWind / 飘,导演:维克多·弗莱明VictorFleming/乔治·库克GeorgeCukor   主演:费...;1939 / 美国 / 剧情历史爱情战争;;,9.2,Tomorrow is another day.
蝙蝠侠：黑暗骑士 / TheDarkKnight / 蝙蝠侠前传2：黑暗骑士/黑暗骑士(台),导演:克里斯托弗·诺兰ChristopherNolan   主演:克里斯蒂安·贝尔Christ...;2008 / 美国英国 / 剧情动作科幻犯罪惊悚;;,9.1,无尽的黑暗。
活着 / 人生/Lifetimes,导演:张艺谋YimouZhang   主演:葛优YouGe/巩俐LiGong/姜武WuJiang;1994 / 中国大陆香港 / 剧情历史家庭;;,9.1,张艺谋最好的电影。
天堂电影院 / NuovoCinemaParadiso / 星光伴我心(港)/新天堂乐园(台),导演:朱塞佩·托纳多雷GiuseppeTornatore   主演:安东娜拉·塔莉Antonel...;1988 / 意大利法国 / 剧情爱情;;,9.1,那些吻戏，那些青春，都在影院的黑暗里被泪水冲刷得无比清晰。
少年派的奇幻漂流 / LifeofPi / 少年Pi的奇幻漂流/漂流少年Pi,导演:李安AngLee   主演:苏拉·沙玛SurajSharma/伊尔凡·可汗Irrfan...;2012 / 美国台湾英国加拿大 / 剧情奇幻冒险;;,9.0,瑰丽壮观、无人能及的冒险之旅。
十二怒汉 / 12AngryMen / 12怒汉/十二怒汉,导演:SidneyLumet   主演:亨利·方达HenryFonda/马丁·鲍尔萨姆Marti...;1957 / 美国 / 剧情;;,9.4,1957年的理想主义。 
鬼子来了 / DevilsontheDoorstep,导演:姜文WenJiang   主演:姜文WenJiang/香川照之TeruyukiKagawa/...;2000 / 中国大陆 / 剧情历史战争;;,9.2,对敌人的仁慈，就是对自己残忍。
指环王3：王者无敌 / TheLordoftheRings:TheReturnoftheKing / 魔戒三部曲：王者再临(台/港),导演:彼得·杰克逊PeterJackson   主演:维果·莫腾森ViggoMortensen/...;2003 / 美国新西兰 / 剧情动作奇幻冒险;;,9.1,史诗的终章。
控方证人 / WitnessfortheProsecution / 雄才伟略/情妇,导演:比利·怀尔德BillyWilder   主演:查尔斯·劳顿CharlesLaughton/...;1957 / 美国 / 剧情犯罪悬疑;;,9.6,比利·怀德满分作品。
天空之城 / 天空の城ラピュタ / TenkûnoshiroRapyuta/Laputa:CastleintheSky,导演:宫崎骏HayaoMiyazaki   主演:田中真弓MayumiTanaka/横泽启子Ke...;1986 / 日本 / 动画奇幻冒险;;,9.0,对天空的追逐，永不停止。 
搏击俱乐部 / FightClub / 搏击会(港)/斗阵俱乐部(台),导演:大卫·芬奇DavidFincher   主演:爱德华·诺顿EdwardNorton/布拉...;1999 / 美国德国 / 剧情动作悬疑惊悚;;,9.0,邪恶与平庸蛰伏于同一个母体，在特定的时间互相对峙。
飞屋环游记 / Up / 冲天救兵(港)/天外奇迹(台),导演:彼特·道格特PeteDocter/鲍勃·彼德森BobPeterson   主演:爱德...;2009 / 美国 / 剧情喜剧动画冒险;;,8.9,最后那些最无聊的事情，才是最值得怀念的。 
大话西游之月光宝盒 / 西遊記第壹佰零壹回之月光寶盒 / 西游记101回月光宝盒/齐天大圣东游记,导演:刘镇伟JeffreyLau   主演:周星驰StephenChow/吴孟达ManTatNg...;1995 / 香港中国大陆 / 喜剧爱情奇幻冒险;;,8.9,旷古烁今。
罗马假日 / RomanHoliday / 金枝玉叶(港)/罗马假期(台),导演:威廉·惠勒WilliamWyler   主演:奥黛丽·赫本AudreyHepburn/格...;1953 / 美国 / 喜剧剧情爱情;;,9.0,爱情哪怕只有一天。
摔跤吧！爸爸 / Dangal / 我和我的冠军女儿(台)/打死不离3父女(港),导演:涅提·蒂瓦里NiteshTiwari   主演:阿米尔·汗AamirKhan/法缇玛...;2016 / 印度 / 剧情传记运动家庭;;,9.1,你不是在为你一个人战斗，你要让千千万万的女性看到女生并不是只能相夫教子。
窃听风暴 / DasLebenderAnderen / 他人的生活/别人的生活,导演:弗洛里安·亨克尔·冯·多纳斯马FlorianHenckelvonDonnersmarck   ...;2006 / 德国 / 剧情悬疑;;,9.1,别样人生。
哈尔的移动城堡 / ハウルの動く城 / 呼啸山城/霍尔的移动城堡,导演:宫崎骏HayaoMiyazaki   主演:倍赏千惠子ChiekoBaishô/木村拓...;2004 / 日本 / 动画奇幻冒险;;,8.9,带着心爱的人在天空飞翔。
辩护人 / 변호인 / 逆权大状(港)/正义辩护人(台),导演:杨宇硕Woo-seokYang   主演:宋康昊Kang-hoSong/吴达洙Dal-suO...;2013 / 韩国 / 剧情;;,9.2,电影的现实意义大过电影本身。
闻香识女人 / ScentofaWoman / 女人香/女人的芳香,导演:马丁·布莱斯MartinBrest   主演:阿尔·帕西诺AlPacino/克里斯...;1992 / 美国 / 剧情;;,9.0,史上最美的探戈。
"两杆大烟枪 / Lock,StockandTwoSmokingBarrels / 够姜四小强(港)/两根枪管(台)",导演:GuyRitchie   主演:JasonFlemyng/DexterFletcher/NickMoran;1998 / 英国 / 剧情喜剧犯罪;;,9.1,4个臭皮匠顶个诸葛亮，盖·里奇果然不是盖的。
飞越疯人院 / OneFlewOvertheCuckoo'sNest / 飞越杜鹃窝(台)/飞越喜鹊巢,导演:米洛斯·福尔曼MilošForman   主演:杰克·尼科尔森JackNichols...;1975 / 美国 / 剧情;;,9.0,自由万岁。
死亡诗社 / DeadPoetsSociety / 暴雨骄阳(港)/春风化雨(台),导演:彼得·威尔PeterWeir   主演:罗宾·威廉姆斯RobinWilliams/罗伯...;1989 / 美国 / 剧情;;,9.0,当一个死水般的体制内出现一个活跃的变数时，所有的腐臭都站在了光明的对面。
V字仇杀队 / VforVendetta / V煞(港)/V怪客(台),导演:詹姆斯·麦克特格JamesMcTeigue   主演:娜塔莉·波特曼NataliePor...;2005 / 美国英国德国 / 剧情动作科幻惊悚;;,8.8,一张面具背后的理想与革命。
海豚湾 / TheCove / 血色海湾(台)/海湾,导演:LouiePsihoyos   主演:JohnChisholm/Mandy-RaeCruikshank/Char...;2009 / 美国 / 纪录片;;,9.3,海豚的微笑，是世界上最高明的伪装。
教父2 / TheGodfather:PartⅡ / 教父续集/教父II,导演:弗朗西斯·福特·科波拉FrancisFordCoppola   主演:阿尔·帕西诺A...;1974 / 美国 / 剧情犯罪;;,9.1,优雅的孤独。
指环王2：双塔奇兵 / TheLordoftheRings:TheTwoTowers / 魔戒二部曲：双城奇谋/指环王II：双塔,导演:彼得·杰克逊PeterJackson   主演:伊利亚·伍德ElijahWood/西恩...;2002 / 美国新西兰 / 剧情动作奇幻冒险;;,9.0,承前启后的史诗篇章。
指环王1：魔戒再现 / TheLordoftheRings:TheFellowshipoftheRing / 魔戒首部曲：魔戒现身/指环王I：护戒使者,导演:彼得·杰克逊PeterJackson   主演:伊利亚·伍德ElijahWood/西恩...;2001 / 新西兰美国 / 剧情动作奇幻冒险;;,8.9,传说的开始。
美丽心灵 / ABeautifulMind / 有你终生美丽(港)/美丽境界(台),导演:朗·霍华德RonHoward   主演:罗素·克劳RussellCrowe/艾德·哈...;2001 / 美国 / 传记剧情;;,8.9,爱是一切逻辑和原由。
饮食男女 / 飲食男女 / EatDrinkManWoman,导演:李安AngLee   主演:郎雄SihungLung/杨贵媚Kuei-MeiYang/吴...;1994 / 台湾美国 / 剧情家庭;;,9.1,人生不能像做菜，把所有的料都准备好了才下锅。
情书 / LoveLetter / WhenICloseMyEyes/LettersofLove,导演:岩井俊二ShunjiIwai   主演:中山美穗MihoNakayama/丰川悦司Ets...;1995 / 日本 / 剧情爱情;;,8.8,暗恋的极致。
素媛 / 소원 / 许愿/希望：为爱重生(台),导演:李濬益Jun-ikLee   主演:薛景求Kyung-guSol/严志媛Ji-wonUhm...;2013 / 韩国 / 剧情;;,9.1,受过伤害的人总是笑得最开心，因为他们不愿意让身边的人承受一样的痛苦。
狮子王 / TheLionKing / 狮子王3D,导演:RogerAllers/罗伯·明可夫RobMinkoff   主演:乔纳森·泰勒·托马...;1994 / 美国 / 剧情动画冒险歌舞家庭;;,8.9,动物版《哈姆雷特》。
钢琴家 / ThePianist / 战地琴声(台)/战地琴人,导演:罗曼·波兰斯基RomanPolanski   主演:艾德里安·布洛迪AdrienBrod...;2002 / 法国德国英国波兰 / 剧情传记历史战争音乐;;,9.1,音乐能化解仇恨。
美国往事 / OnceUponaTimeinAmerica / 四海兄弟(台)/义薄云天(港),导演:赛尔乔·莱翁内SergioLeone   主演:罗伯特·德尼罗RobertDeNiro...;1984 / 意大利美国 / 犯罪剧情;;,9.1,往事如烟，无处祭奠。
末代皇帝 / TheLastEmperor / 末代皇帝溥仪(港),导演:贝纳尔多·贝托鲁奇BernardoBertolucci   主演:尊龙JohnLone/陈...;1987 / 英国意大利中国大陆法国美国 / 剧情传记历史;;,9.1,“不要跟我比惨，我比你更惨”再适合这部电影不过了。
小鞋子 / بچههایآسمان / 天堂的孩子/小童鞋,导演:马基德·马基迪MajidMajidi   主演:AmirFarrokhHashemian/默罕...;1997 / 伊朗 / 剧情家庭儿童;;,9.2,奔跑的孩子是天使。
七宗罪 / Se7en / 火线追缉令(台)/7宗罪,导演:大卫·芬奇DavidFincher   主演:摩根·弗里曼MorganFreeman/布...;1995 / 美国 / 剧情犯罪悬疑惊悚;;,8.8,警察抓小偷，老鼠玩死猫。
被嫌弃的松子的一生 / 嫌われ松子の一生 / 花样奇缘(港)/令人讨厌的松子的一生(台),导演:中岛哲也TetsuyaNakashima   主演:中谷美纪MikiNakatani/瑛太E...;2006 / 日本 / 剧情歌舞;;,8.9,以戏谑来戏谑戏谑。
本杰明·巴顿奇事 / TheCuriousCaseofBenjaminButton / 奇幻逆缘(港)/班杰明的奇幻旅程(台),导演:大卫·芬奇DavidFincher   主演:凯特·布兰切特CateBlanchett/...;2008 / 美国 / 剧情爱情奇幻;;,8.8,在时间之河里感受溺水之苦。
致命魔术 / ThePrestige / 顶尖对决(台)/死亡魔法(港),导演:克里斯托弗·诺兰ChristopherNolan   主演:休·杰克曼HughJackman...;2006 / 美国英国 / 剧情悬疑惊悚;;,8.8,孪生蝙蝠侠大战克隆金刚狼。
西西里的美丽传说 / Malèna / 真爱伴我行(台)/玛莲娜,导演:朱塞佩·托纳多雷GiuseppeTornatore   主演:莫妮卡·贝鲁奇Monica...;2000 / 意大利美国 / 剧情战争情色;;,8.8,美丽无罪。
黑客帝国 / TheMatrix / 廿二世纪杀人网络(港)/骇客任务(台),导演:安迪·沃卓斯基AndyWachowski/拉娜·沃卓斯基LanaWachowski   主...;1999 / 美国澳大利亚 / 动作科幻;;,8.9,视觉革命。
让子弹飞 / 让子弹飞一会儿/火烧云,导演:姜文WenJiang   主演:姜文WenJiang/葛优YouGe/周润发Yun-F...;2010 / 中国大陆香港 / 剧情喜剧动作西部;;,8.7,你给我翻译翻译，神马叫做TMD的惊喜。
拯救大兵瑞恩 / SavingPrivateRyan / 雷霆救兵(港)/抢救雷恩大兵(台),导演:史蒂文·斯皮尔伯格StevenSpielberg   主演:汤姆·汉克斯TomHanks...;1998 / 美国 / 剧情历史战争;;,8.9,美利坚精神输出大片No1.
天使爱美丽 / Lefabuleuxdestind'AméliePoulain / 艾蜜莉的异想世界(台)/天使艾米莉,导演:让-皮埃尔·热内Jean-PierreJeunet   主演:奥黛丽·塔图AudreyTau...;2001 / 法国德国 / 喜剧爱情;;,8.7,法式小清新。 
看不见的客人 / Contratiempo / 佈局(台)/死无对证(港),导演:奥里奥尔·保罗OriolPaulo   主演:马里奥·卡萨斯MarioCasas/阿...;2016 / 西班牙 / 剧情犯罪悬疑惊悚;;,8.7,你以为你以为的就是你以为的。
音乐之声 / TheSoundofMusic / 仙乐飘飘处处闻(港)/真善美(台),导演:RobertWise   主演:朱丽·安德鲁斯JulieAndrews/克里斯托弗·普...;1965 / 美国 / 剧情传记爱情歌舞;;,8.9,用音乐化解仇恨，让歌声串起美好。
低俗小说 / PulpFiction / 黑色追緝令(台)/危险人物(港),导演:昆汀·塔伦蒂诺QuentinTarantino   主演:约翰·特拉沃尔塔JohnTra...;1994 / 美国 / 剧情喜剧犯罪;;,8.8,故事的高级讲法。
勇敢的心 / Braveheart / 惊世未了缘(港)/梅尔吉勃逊之英雄本色(台),导演:梅尔·吉布森MelGibson   主演:梅尔·吉布森MelGibson/苏菲·玛...;1995 / 美国 / 动作传记剧情历史战争;;,8.8,史诗大片的典范。
大闹天宫 / 大闹天宫上下集/TheMonkeyKing,导演:万籁鸣LaimingWan/唐澄ChengTang   主演:邱岳峰YuefengQiu/...;1961(中国大陆)/1964(中国大陆)/1978(中国大陆)/2004(中国大陆) / 中国大陆 / 动画奇幻;;,9.3,经典之作，历久弥新。
剪刀手爱德华 / EdwardScissorhands / 幻海奇缘(港)/剪刀手爱德华,导演:TimBurton   主演:约翰尼·德普JohnnyDepp/薇诺娜·瑞德Winona...;1990 / 美国 / 剧情奇幻爱情;;,8.7,浪漫忧郁的成人童话。
沉默的羔羊 / TheSilenceoftheLambs / 沉默的羔羊,导演:乔纳森·戴米JonathanDemme   主演:朱迪·福斯特JodieFoster/安...;1991 / 美国 / 剧情犯罪惊悚;;,8.8,安东尼·霍普金斯的顶级表演。
哈利·波特与魔法石 / HarryPotterandtheSorcerer'sStone / 哈利波特1：神秘的魔法石(港/台),导演:ChrisColumbus   主演:DanielRadcliffe/EmmaWatson/RupertGrint;2001 / 美国英国 / 奇幻冒险;;,8.8,童话世界的开端。
蝴蝶效应 / TheButterflyEffect / 蝴蝶效应,导演:埃里克·布雷斯EricBress/J·麦基·格鲁伯J.MackyeGruber   主...;2004 / 美国加拿大 / 剧情悬疑科幻惊悚;;,8.7,人的命运被自己瞬间的抉择改变。
春光乍泄 / 春光乍洩 / 一起快乐/HappyTogether,导演:王家卫KarWaiWong   主演:张国荣LeslieCheung/梁朝伟TonyLeu...;1997 / 香港日本韩国 / 剧情爱情同性;;,8.8,爱情纠缠，男女一致。
心灵捕手 / GoodWillHunting / 骄阳似我(港)/心灵捕手,导演:格斯·范·桑特GusVanSant   主演:马特·达蒙MattDamon/罗宾·...;1997 / 美国 / 剧情;;,8.8,人生中应该拥有这样的一段豁然开朗。
入殓师 / おくりびと / 礼仪师之奏鸣曲(港)/礼仪师(台),导演:泷田洋二郎YôjirôTakita   主演:本木雅弘MasahiroMotoki/...;2008 / 日本 / 剧情;;,8.8,死可能是一道门，逝去并不是终结，而是超越，走向下一程。
猫鼠游戏 / CatchMeIfYouCan / 逍遥法外/神鬼交锋(台),导演:史蒂文·斯皮尔伯格StevenSpielberg   主演:莱昂纳多·迪卡普里奥L...;2002 / 美国加拿大 / 传记犯罪剧情;;,8.8,骗子大师和执著警探的你追我跑故事。 
布达佩斯大饭店 / TheGrandBudapestHotel / 布达佩斯大酒店(港)/欢迎来到布达佩斯大饭店(台),导演:韦斯·安德森WesAnderson   主演:拉尔夫·费因斯RalphFiennes/...;2014 / 美国德国英国 / 剧情喜剧冒险;;,8.8,小清新的故事里注入了大历史的情怀。
禁闭岛 / ShutterIsland / 不赦岛(港)/隔离岛(台),导演:MartinScorsese   主演:莱昂纳多·迪卡普里奥LeonardoDiCaprio/...;2010 / 美国 / 剧情悬疑惊悚;;,8.7,昔日翩翩少年，今日大腹便便。
玛丽和马克思 / MaryandMax / 巧克力情缘(台)/同是天涯寂寞客,导演:亚当·艾略特AdamElliot   主演:托妮·科莱特ToniCollette/菲利...;2009 / 澳大利亚 / 剧情动画;;,8.9,你是我最好的朋友，你是我唯一的朋友 。
阳光灿烂的日子 / IntheHeatoftheSun,导演:姜文WenJiang   主演:夏雨YuXia/宁静JingNing/陶虹HongTao;1994 / 中国大陆香港 / 剧情;;,8.8,一场华丽的意淫。
幽灵公主 / もののけ姫 / 魔法公主/幽灵少女,导演:宫崎骏HayaoMiyazaki   主演:松田洋治YôjiMatsuda/石田百合...;1997 / 日本 / 动画奇幻冒险;;,8.8,人与自然的战争史诗。
第六感 / TheSixthSense / 灵异第六感/鬼眼,导演:M·奈特·沙马兰M.NightShyamalan   主演:布鲁斯·威利斯BruceWi...;1999 / 美国 / 剧情悬疑惊悚;;,8.8,深入内心的恐怖，出人意料的结局。
狩猎 / Jagten / 谎言的烙印(台)/诬网(港),导演:托马斯·温特伯格ThomasVinterberg   主演:麦斯·米科尔森MadsMik...;2012 / 丹麦瑞典 / 剧情;;,9.1,人言可畏。
重庆森林 / 重慶森林 / ChungkingExpress,导演:王家卫KarWaiWong   主演:林青霞BrigitteLin/金城武TakeshiK...;1994 / 香港 / 剧情爱情;;,8.7,寂寞没有期限。
穿条纹睡衣的男孩 / TheBoyintheStripedPajamas / 穿条纹衣服的男孩/穿条纹衣的男孩,导演:马克·赫门MarkHerman   主演:阿沙·巴特菲尔德AsaButterfield/...;2008 / 英国美国 / 剧情战争;;,9.0,尽管有些不切实际的幻想，这部电影依旧是一部感人肺腑的佳作。
致命ID / Identity / 杀人游戏/致命身份,导演:JamesMangold   主演:JohnCusack/RayLiotta/AmandaPeet;2003 / 美国 / 剧情悬疑惊悚;;,8.7,最不可能的那个人永远是最可能的。
断背山 / BrokebackMountain / 断臂山/BBM,导演:李安AngLee   主演:希斯·莱杰HeathLedger/杰克·吉伦哈尔Jake...;2005 / 美国加拿大 / 剧情爱情同性家庭;;,8.7,每个人心中都有一座断背山。
加勒比海盗 / PiratesoftheCaribbean:TheCurseoftheBlackPearl / 加勒比海盗1：黑珍珠号的诅咒/神鬼奇航：鬼盗船魔咒(台),导演:戈尔·维宾斯基GoreVerbinski   主演:约翰尼·德普JohnnyDepp/...;2003 / 美国 / 动作冒险奇幻;;,8.6,约翰尼·德普的独角戏。
阿凡达 / Avatar / 天神下凡(港)/化身,导演:詹姆斯·卡梅隆JamesCameron   主演:萨姆·沃辛顿SamWorthington...;2009 / 美国英国 / 动作战争科幻冒险;;,8.6,绝对意义上的美轮美奂。
"摩登时代 / ModernTimes / TheMasses/Tempsmodernes,Les",导演:查理·卓别林CharlesChaplin   主演:查理·卓别林CharlesChaplin...;1936 / 美国 / 喜剧剧情爱情;;,9.2,大时代中的人生，小人物的悲喜。
大鱼 / BigFish / 大鱼奇缘(港)/大智若鱼(台),导演:蒂姆·波顿TimBurton   主演:伊万·麦克格雷格EwanMcGregor/阿...;2003 / 美国 / 剧情家庭奇幻冒险;;,8.7,抱着梦想而活着的人是幸福的，怀抱梦想而死去的人是不朽的。
告白 / 自白/母亲,导演:中岛哲也TetsuyaNakashima   主演:松隆子TakakoMatsu/冈田将生...;2010 / 日本 / 剧情惊悚;;,8.7,没有一人完全善，也没有一人完全恶。
一一 / Yiyi/Yiyi:AOneandaTwo,导演:杨德昌EdwardYang   主演:吴念真/李凯莉KellyLee/金燕玲Elai...;2000 / 台湾日本 / 剧情爱情家庭;;,9.0,我们都曾经是一一。
射雕英雄传之东成西就 / 射鵰英雄傳之東成西就 / 东成西就/大英雄(日本),导演:刘镇伟JeffreyLau   主演:梁朝伟TonyLeungChiuWai/林青霞Bri...;1993 / 香港 / 喜剧古装;;,8.7,百看不厌。 
甜蜜蜜 / Comrades:AlmostaLoveStory,导演:陈可辛PeterChan   主演:黎明LeonLai/张曼玉MaggieCheung/...;1996 / 香港 / 剧情爱情;;,8.8,相逢只要一瞬间，等待却像是一辈子。
阳光姐妹淘 / 써니 / 阳光姊妹淘(港)/桑尼,导演:姜炯哲Hyeong-CheolKang   主演:沈恩京Eun-kyungShim/闵孝琳Hy...;2011 / 韩国 / 剧情喜剧;;,8.8,再多各自牛逼的时光，也比不上一起傻逼的岁月。 
消失的爱人 / GoneGirl / 失踪的女孩/失踪女孩,导演:大卫·芬奇DavidFincher   主演:本·阿弗莱克BenAffleck/罗莎蒙...;2014 / 美国 / 剧情犯罪悬疑惊悚;;,8.7,年度最佳date movie。
爱在黎明破晓前 / BeforeSunrise / 情留半天(港)/爱在黎明破晓时(台),导演:理查德·林克莱特RichardLinklater   主演:伊桑·霍克EthanHawke...;1995 / 美国奥地利瑞士 / 剧情爱情;;,8.7,缘分是个连绵词，最美不过一瞬。
上帝之城 / CidadedeDeus / 无主之城(港)/无法无天(台),导演:KátiaLund/FernandoMeirelles   主演:AlexandreRodrigues/Lea...;2002 / 巴西法国 / 犯罪剧情;;,8.9,被上帝抛弃了的上帝之城。
喜剧之王 / 喜劇之王 / KingofComedy,导演:周星驰StephenChow/李力持Lik-ChiLee   主演:周星驰StephenCh...;1999 / 香港 / 喜剧剧情爱情;;,8.6,我是一个演员。
小森林夏秋篇 / リトル・フォレスト夏・秋 / 小森食光/夏秋篇(台),导演:森淳一JunichiMori   主演:桥本爱AiHashimoto/三浦贵大Takahir...;2014 / 日本 / 剧情;;,8.9,那些静得只能听见呼吸的日子里，你明白孤独即生活。
侧耳倾听 / 耳をすませば / 心之谷/梦幻街少女,导演:近藤喜文YoshifumiKondo   主演:本名阳子YoukoHonna/小林桂树K...;1995 / 日本 / 剧情爱情动画;;,8.8,少女情怀总是诗。
倩女幽魂 / 倩女幽魂(87版)/AChineseGhostStory,导演:程小东Siu-TungChing   主演:张国荣LeslieCheung/王祖贤JoeyW...;1987 / 香港 / 剧情爱情武侠古装;;,8.6,两张绝世的脸。 
恐怖直播 / 더테러라이브 / 死亡“动”新闻(港)/恐怖攻击直播(台),导演:金秉祐Byeong-wooKim   主演:河正宇Jung-wooHa/李璟荣Kyeong-y...;2013 / 韩国 / 剧情犯罪悬疑;;,8.7,恐怖分子的“秋菊打官司”。
风之谷 / 風の谷のナウシカ / 风谷少女/KazenotaninoNaushika,导演:宫崎骏HayaoMiyazaki   主演:岛本须美SumiShimamoto/松田洋治Y...;1984 / 日本 / 动画奇幻冒险;;,8.8,动画片的圣经。
超脱 / Detachment / 人间师格(台),导演:托尼·凯耶TonyKaye   主演:艾德里安·布洛迪AdrienBrody/马西...;2011 / 美国 / 剧情;;,8.8,穷尽一生，我们要学会的，不过是彼此拥抱。
爱在日落黄昏时 / BeforeSunset / 日落巴黎(港)/爱在日落巴黎时(台),导演:理查德·林克莱特RichardLinklater   主演:伊桑·霍克EthanHawke...;2004 / 美国 / 剧情爱情;;,8.8,九年后的重逢是世俗和责任的交叠，没了悸动和青涩，沧桑而温暖。
红辣椒 / パプリカ / 盗梦侦探/帕布莉卡,导演:今敏SatoshiKon   主演:林原惠美MegumiHayashibara/古谷彻T...;2006 / 日本 / 动画悬疑科幻惊悚;;,8.9,梦的勾结。
寻梦环游记 / Coco / 可可夜总会(台)/玩转极乐园(港),导演:李·昂克里奇LeeUnkrich/阿德里安·莫利纳AdrianMolina   主演:...;2017 / 美国 / 喜剧动画奇幻音乐;;,9.0,死亡不是真的逝去，遗忘才是永恒的消亡。
菊次郎的夏天 / 菊次郎の夏 / Kikujirônonatsu/菊次郎的夏天,导演:北野武TakeshiKitano   主演:北野武TakeshiKitano/关口雄介Yus...;1999 / 日本 / 剧情喜剧;;,8.8,从没见过那么流氓的温柔，从没见过那么温柔的流氓。
驯龙高手 / HowtoTrainYourDragon / 驯龙记(港),导演:迪恩·德布洛斯DeanDeBlois/克里斯·桑德斯ChrisSanders   主演:...;2010 / 美国 / 喜剧动画奇幻冒险;;,8.7,和谐的生活离不开摸头与被摸头。
幸福终点站 / TheTerminal / 机场客运站(港)/航站情缘(台),导演:史蒂文·斯皮尔伯格StevenSpielberg   主演:汤姆·汉克斯TomHanks...;2004 / 美国 / 喜剧剧情爱情;;,8.7,有时候幸福需要等一等。 
神偷奶爸 / DespicableMe / 卑鄙的我/坏蛋奖门人(港),导演:皮艾尔·柯芬PierreCoffin/克里斯·雷纳德ChrisRenaud   主演:...;2010 / 美国法国 / 喜剧动画冒险;;,8.5,Mr. I Don't Care其实也有Care的时候。
杀人回忆 / 살인의추억 / 谋杀回忆/杀手回忆录,导演:奉俊昊Joon-hoBong   主演:宋康昊Kang-hoSong/金相庆Sang-kyun...;2003 / 韩国 / 犯罪剧情悬疑惊悚;;,8.7,关于连环杀人悬案的集体回忆。
借东西的小人阿莉埃蒂 / 借りぐらしのアリエッティ / 借物少女艾莉缇(台)/借东西的小矮人亚莉亚蒂(港),导演:米林宏昌HiromasaYonebayashi   主演:志田未来MiraiShida/神木...;2010 / 日本 / 动画奇幻冒险;;,8.7,曾经的那段美好会沉淀为一辈子的记忆。
七武士 / 七人の侍 / 七侠四义(港)/TheSevenSamurai,导演:黑泽明AkiraKurosawa   主演:三船敏郎ToshirôMifune/志村乔...;1954 / 日本 / 动作冒险剧情;;,9.2,时代悲歌。
请以你的名字呼唤我 / CallMebyYourName / 以你的名字呼唤我(港/台),导演:卢卡·圭达尼诺LucaGuadagnino   主演:蒂莫西·柴勒梅德Timothée...;2017 / 意大利法国巴西美国 / 剧情爱情同性;;,8.8,沉醉在电影的情感和视听氛围中无法自拔。
岁月神偷 / 歲月神偷 / 1969太空漫游/EchoesOfTheRainbow,导演:罗启锐AlexLaw   主演:吴君如SandraNg/任达华SimonYam/钟绍...;2010 / 香港中国大陆 / 剧情家庭;;,8.6,岁月流逝，来日可追。
哈利·波特与死亡圣器(下) / HarryPotterandtheDeathlyHallows:Part2 / 哈利波特7：死神的圣物2(港/台),导演:大卫·叶茨DavidYates   主演:丹尼尔·雷德克里夫DanielRadcliffe...;2011 / 美国英国 / 剧情悬疑奇幻冒险;;,8.7,10年的完美句点。
小森林冬春篇 / リトル・フォレスト冬・春 / 小森食光/冬春篇(台),导演:森淳一JunichiMori   主演:桥本爱AiHashimoto/三浦贵大Takahir...;2015 / 日本 / 剧情;;,9.0,尊敬他人，尊敬你生活的这片土地，明白孤独是人生的常态。
"怪兽电力公司 / Monsters,Inc. / 怪兽公司(港)/怪物公司",导演:彼特·道格特PeteDocter/大卫·斯沃曼DavidSilverman   主演:约...;2001 / 美国 / 儿童喜剧动画奇幻冒险;;,8.6,不要给它起名字，起了名字就有感情了。
萤火虫之墓 / 火垂るの墓 / 再见萤火虫(港)/萤火挽歌,导演:高畑勋IsaoTakahata   主演:辰己努/白石绫乃/志乃原良子;1988 / 日本 / 动画剧情战争;;,8.7,幸福是生生不息，却难以触及的远。 
谍影重重3 / TheBourneUltimatum / 叛谍追击3：最后通牒(港)/神鬼认证：最后通牒(台),导演:保罗·格林格拉斯PaulGreengrass   主演:马特·达蒙MattDamon/...;2007 / 美国德国 / 动作悬疑惊悚;;,8.7,像吃了苏打饼一样干脆的电影。
电锯惊魂 / Saw / 夺魂锯(台)/恐惧斗室(港),导演:詹姆斯·温JamesWan   主演:雷·沃纳尔LeighWhannell/加利·艾...;2004 / 美国 / 悬疑惊悚恐怖;;,8.7,真相就在眼前。
喜宴 / 囍宴 / TheWeddingBanquet,导演:李安AngLee   主演:赵文瑄WinstonChao/郎雄SihungLung/归亚...;1993 / 台湾美国 / 剧情喜剧爱情同性家庭;;,8.8,中国家庭的喜怒哀乐忍。
东邪西毒 / 東邪西毒 / AshesofTime,导演:王家卫KarWaiWong   主演:张国荣LeslieCheung/林青霞Brigitte...;1994 / 香港台湾 / 剧情动作爱情武侠古装;;,8.6,电影诗。
7号房的礼物 / 7번방의선물 / 戆爸的礼物(港)/7号囚房的礼物,导演:李焕庆Hwan-kyeongLee   主演:柳承龙Seung-yongRyoo/朴信惠Shi...;2013 / 韩国 / 剧情喜剧家庭;;,8.7,《我是山姆》的《美丽人生》。
疯狂原始人 / TheCroods / 古鲁家族(港/台),导演:科克·德·米科KirkDeMicco/克里斯·桑德斯ChrisSanders   主演...;2013 / 美国 / 喜剧动画冒险;;,8.7,老少皆宜，这就是好莱坞动画的魅力。
贫民窟的百万富翁 / SlumdogMillionaire / 贫民百万富翁(台)/一百万零一夜(港),导演:丹尼·鲍尔DannyBoyle/洛芙琳·坦丹LoveleenTandan   主演:戴夫...;2008 / 英国美国 / 剧情爱情;;,8.5,上帝之城+猜火车+阿甘正传+开心辞典=山寨富翁
萤火之森 / 蛍火の杜へ / 萤火之社/Hotarubinomorie,导演:大森贵弘TakahiroOmori   主演:佐仓绫音AyaneSakura/内山昂辉K...;2011 / 日本 / 剧情爱情动画奇幻;;,8.8,触不到的恋人。
记忆碎片 / Memento / 失忆/记忆拼图(台),导演:克里斯托弗·诺兰ChristopherNolan   主演:盖·皮尔斯GuyPearce/...;2000 / 美国 / 犯罪剧情悬疑惊悚;;,8.6,一个针管引发的血案。
黑天鹅 / BlackSwan / 夺命黑天鹅/霸王别鹅(豆友译名),导演:达伦·阿罗诺夫斯基DarrenAronofsky   主演:娜塔莉·波特曼Natalie...;2010 / 美国 / 剧情惊悚;;,8.5,黑暗之美。
真爱至上 / LoveActually / 爱是您，爱是我(台)/真的恋爱了(港),导演:理查德·柯蒂斯RichardCurtis   主演:休·格兰特HughGrant/柯林...;2003 / 英国美国法国 / 喜剧剧情爱情;;,8.5,爱，是个动词。
英雄本色 / ABetterTomorrow/GanglandBoss,导演:吴宇森JohnWoo   主演:周润发Yun-FatChow/狄龙LungTi/张国...;1986 / 香港 / 动作犯罪;;,8.6,英雄泪短，兄弟情长。 
超能陆战队 / BigHero6 / 大英雄联盟(港)/大英雄天团(台),导演:唐·霍尔DonHall/克里斯·威廉姆斯ChrisWilliams   主演:斯科特...;2014 / 美国 / 喜剧动作科幻动画冒险;;,8.6,Balalala~~~
唐伯虎点秋香 / 唐伯虎點秋香 / FlirtingScholar,导演:李力持Lik-ChiLee   主演:周星驰StephenChow/巩俐LiGong/陈...;1993 / 香港 / 喜剧爱情古装;;,8.5,华太师是黄霑，吴镇宇四大才子之一。
蝙蝠侠：黑暗骑士崛起 / TheDarkKnightRises / 蝙蝠侠前传3：黑暗骑士崛起/黑暗骑士：黎明升起(台),导演:克里斯托弗·诺兰ChristopherNolan   主演:克里斯蒂安·贝尔Christ...;2012 / 美国英国 / 剧情动作科幻犯罪惊悚;;,8.6,诺兰就是保证。
雨人 / RainMan / 手足情未了/手足情深,导演:巴瑞·莱文森BarryLevinson   主演:达斯汀·霍夫曼DustinHoffman...;1988 / 美国 / 剧情;;,8.7,生活在自己的世界里，也可以让周围的人显得可笑和渺小。
心迷宫 / 殡棺/TheCoffinintheMountain,导演:忻钰坤YukunXin   主演:霍卫民WeiminHuo/王笑天XiaotianWang...;2014 / 中国大陆 / 剧情犯罪悬疑;;,8.7,荒诞讽刺，千奇百巧，抽丝剥茧，百转千回。
卢旺达饭店 / HotelRwanda / 卢安达饭店(台),导演:特瑞·乔治TerryGeorge   主演:唐·钱德尔DonCheadle/苏菲·奥...;2004 / 英国南非意大利美国 / 剧情历史战争;;,8.9,当这个世界闭上双眼，他却敞开了怀抱。
傲慢与偏见 / Pride&Prejudice / 傲慢与偏见2005/PrideAndPrejudice,导演:乔·怀特JoeWright   主演:凯拉·奈特莉KeiraKnightley/马修·...;2005 / 法国英国美国 / 剧情爱情;;,8.5,爱是摈弃傲慢与偏见之后的曙光。
荒蛮故事 / Relatossalvajes / 蛮荒故事/生命中最抓狂的小事(台),导演:达米安·斯兹弗隆DamiánSzifron   主演:达里奥·葛兰帝内提Darío...;2014 / 阿根廷西班牙 / 剧情喜剧犯罪;;,8.8,始于荒诞，止于更荒诞。
海洋 / Océans / Oceans/海洋,导演:雅克·贝汉JacquesPerrin/雅克·克鲁奥德JacquesCluzaud   主演:...;2009 / 法国瑞士西班牙美国阿联酋 / 纪录片;;,9.0,大海啊，不全是水。
纵横四海 / 緃横四海 / OnceaThief,导演:吴宇森JohnWoo   主演:周润发Yun-FatChow/张国荣LeslieCheung...;1991 / 香港 / 剧情喜剧动作犯罪;;,8.7,香港浪漫主义警匪动作片的巅峰之作。
无人知晓 / 誰も知らない / 谁知赤子心(港)/无人知晓的夏日清晨(台),导演:是枝裕和HirokazuKoreeda   主演:柳乐优弥YûyaYagira/北浦爱...;2004 / 日本 / 剧情;;,9.1,我的平常生活就是他人的幸福。
时空恋旅人 / AboutTime / 时空旅恋人/回到最爱的一天(港),导演:理查德·柯蒂斯RichardCurtis   主演:多姆纳尔·格利森DomhnallGl...;2013 / 英国 / 剧情爱情奇幻;;,8.7,把每天当作最后一天般珍惜度过，积极拥抱生活，就是幸福。
海边的曼彻斯特 / ManchesterbytheSea / 情系海边之城(港)/海曼,导演:肯尼斯·罗纳根KennethLonergan   主演:卡西·阿弗莱克CaseyAffle...;2016 / 美国 / 剧情家庭;;,8.6,我们都有权利不与自己的过去和解。
教父3 / TheGodfather:PartIII / 教父第三集/教父III,导演:弗朗西斯·福特·科波拉FrancisFordCoppola   主演:阿尔·帕西诺A...;1990 / 美国 / 剧情犯罪;;,8.8,任何信念的力量，都无法改变命运。
虎口脱险 / Lagrandevadrouille / 横冲直撞出重围(港)/大進擊(台),导演:杰拉尔·乌里GérardOury   主演:路易·德·菲耐斯LouisdeFunès...;1966 / 法国英国 / 喜剧战争;;,8.9,永远看不腻的喜剧。
完美的世界 / APerfectWorld / 强盗保镳,导演:克林特·伊斯特伍德ClintEastwood   主演:凯文·科斯特纳KevinCos...;1993 / 美国 / 剧情犯罪;;,9.0,坏人的好总是比好人的好来得更感人。
玩具总动员3 / ToyStory3 / 反斗奇兵3(港)/玩具的故事3,导演:李·昂克里奇LeeUnkrich   主演:汤姆·汉克斯TomHanks/蒂姆·艾...;2010 / 美国 / 喜剧动画奇幻冒险;;,8.8,跨度十五年的欢乐与泪水。
花样年华 / 花樣年華 / IntheMoodforLove,导演:王家卫KarWaiWong   主演:梁朝伟TonyLeungChiuWai/张曼玉Ma...;2000 / 香港 / 剧情爱情;;,8.6,偷情本没有这样美。
达拉斯买家俱乐部 / DallasBuyersClub / 续命枭雄(港)/药命俱乐部(台),导演:让-马克·瓦雷Jean-MarcVallée   主演:马修·麦康纳MatthewMcCon...;2013 / 美国 / 剧情传记同性;;,8.7,Jared Leto的腿比女人还美！
燃情岁月 / LegendsoftheFall / 秋日传奇/真爱一世情(台),导演:爱德华·兹威克EdwardZwick   主演:安东尼·霍普金斯AnthonyHopki...;1994 / 美国 / 剧情爱情西部家庭;;,8.7,传奇，不是每个人都可以拥有。
恋恋笔记本 / TheNotebook / 深情日记/写我情真,导演:尼克·卡索维茨NickCassavetes   主演:瑞恩·高斯林RyanGosling/...;2004 / 美国 / 剧情爱情;;,8.5,爱情没有那么多借口，如果不能圆满，只能说明爱的不够。 
血战钢锯岭 / HacksawRidge / 钢锯岭/钢铁英雄(台),导演:梅尔·吉布森MelGibson   主演:安德鲁·加菲尔德AndrewGarfield/...;2016 / 美国澳大利亚 / 剧情传记历史战争;;,8.7,优秀的战争片不会美化战场，不会粉饰死亡，不会矮化敌人，不会无视常识，最重要的，不会宣扬战争。
二十二 / TwentyTwo/22,导演:郭柯KeGuo   主演:;2015 / 中国大陆 / 纪录片;;,8.7,有一些东西不应该被遗忘。
雨中曲 / Singin'intheRain / 雨中情/万花嬉春,导演:StanleyDonen/GeneKelly   主演:GeneKelly/DonaldO'Connor/...;1952 / 美国 / 喜剧歌舞爱情;;,9.0,骨灰级歌舞片。
魂断蓝桥 / WaterlooBridge / 滑铁卢桥/断桥残梦,导演:MervynLeRoy   主演:VivienLeigh/RobertTaylor/LucileWatson;1940 / 美国 / 剧情战争爱情;;,8.8,中国式内在的美国电影。
穿越时空的少女 / 時をかける少女 / 跳跃吧！时空少女(台)/Tokiokakerushôjo,导演:细田守MamoruHosoda   主演:仲里依纱RiisaNaka/石田卓也Takuya...;2006 / 日本 / 剧情爱情科幻动画;;,8.6,爱上未来的你。 
我是山姆 / IAmSam / 不一样的爸爸(港)/他不笨，他是我爸爸(台),导演:杰茜·尼尔森JessieNelson   主演:SeanPenn/DakotaFanning/Mi...;2001 / 美国 / 剧情家庭;;,8.8,爱并不需要智商 。
猜火车 / Trainspotting / 迷幻列车(港)/定位的火车,导演:丹尼·博伊尔DannyBoyle   主演:伊万·麦克格雷格EwanMcGregor/...;1996 / 英国 / 犯罪剧情;;,8.5,不可猜的青春迷笛。 
冰川时代 / IceAge / 冰河世纪/冰原历险记,导演:卡洛斯·沙尔丹哈CarlosSaldanha/克里斯·韦奇ChrisWedge   主演...;2002 / 美国 / 喜剧动画冒险;;,8.5,松鼠才是角儿。
人工智能 / ArtificialIntelligence:AI / AI人工智慧,导演:史蒂文·斯皮尔伯格StevenSpielberg   主演:海利·乔·奥斯蒙Haley...;2001 / 美国 / 冒险剧情科幻;;,8.6,对爱的执着，可以超越一切。
头脑特工队 / InsideOut / 玩转脑朋友(港)/脑筋急转弯(台),导演:彼特·道格特PeteDocter/罗纳尔多·德尔·卡门RonaldoDelCarmen  &nb...;2015 / 美国 / 喜剧动画冒险;;,8.7,愿我们都不用长大，每一座城堡都能永远存在。
被解救的姜戈 / DjangoUnchained / 被解放的姜戈/决杀令(台),导演:昆汀·塔伦蒂诺QuentinTarantino   主演:杰米·福克斯JamieFoxx/...;2012 / 美国 / 剧情动作西部冒险;;,8.6,热血沸腾，那个低俗、性感的无耻混蛋又来了。
爆裂鼓手 / Whiplash / 鼓动真我(港)/进击的鼓手(台),导演:达米安·沙泽勒DamienChazelle   主演:迈尔斯·特勒MilesTeller/...;2014 / 美国 / 剧情音乐;;,8.6,这个世界从不善待努力的人，努力了也不一定会成功，但是知道自己在努力，就是活下去的动力。
未麻的部屋 / PerfectBlue / 蓝色的恐惧/蓝色恐惧,导演:今敏SatoshiKon   主演:岩男润子JunkoIwao/松本梨香RicaMatsu...;1997 / 日本 / 动画奇幻惊悚;;,8.9,好的剧本是，就算你猜到了结局也猜不到全部。
罗生门 / 羅生門 / Rashomon,导演:黑泽明AkiraKurosawa   主演:三船敏郎ToshirôMifune/千秋实...;1950 / 日本 / 犯罪剧情悬疑;;,8.7,人生的N种可能性。
你的名字。 / 君の名は。 / 你的名字/君之名,导演:新海诚MakotoShinkai   主演:神木隆之介RyûnosukeKamiki/上...;2016 / 日本 / 剧情爱情动画;;,8.4,穿越错位的时空，仰望陨落的星辰，你没留下你的名字，我却无法忘记那句“我爱你”。
浪潮 / DieWelle / 恶魔教室(台)/白恤暴潮(港),导演:丹尼斯·甘塞尔DennisGansel   主演:尤尔根·沃格尔JürgenVogel...;2008 / 德国 / 剧情惊悚;;,8.7,世界离独裁只有五天。
香水 / Perfume:TheStoryofaMurderer / 香水：一个杀人犯的故事/香水：一个谋杀犯的故事,导演:汤姆·提克威TomTykwer   主演:本·卫肖BenWhishaw/艾伦·瑞克...;2006 / 德国法国西班牙美国 / 剧情犯罪奇幻;;,8.4,一个单凭体香达到高潮的男人。
朗读者 / TheReader / 为爱朗读(台)/读爱(港),导演:史蒂芬·戴德利StephenDaldry   主演:凯特·温丝莱特KateWinslet...;2008 / 美国德国 / 剧情爱情;;,8.5,当爱情跨越年龄的界限，它似乎能变得更久远一点，成为一种责任，一种水到渠成的相濡以沫。 
阿飞正传 / 阿飛正傳 / DaysofBeingWild,导演:王家卫KarWaiWong   主演:张国荣LeslieCheung/张曼玉MaggieC...;1990 / 香港 / 犯罪剧情爱情;;,8.5,王家卫是一种风格，张国荣是一个代表。
无敌破坏王 / Wreck-ItRalph / 破坏王拉尔夫/破坏王大冒险,导演:瑞奇·莫尔RichMoore   主演:约翰·C·赖利JohnC.Reilly/萨拉...;2012 / 美国 / 喜剧动画奇幻冒险;;,8.7,迪士尼和皮克斯拿错剧本的产物。
房间 / Room / 不存在的房间(台)/抖室(港),导演:伦尼·阿伯拉罕森LennyAbrahamson   主演:布丽·拉尔森BrieLarson...;2015 / 爱尔兰加拿大英国美国 / 剧情家庭;;,8.8,被偷走的岁月，被伤害的生命，被禁锢的灵魂，终将被希望和善意救赎。
恐怖游轮 / Triangle / 汪洋血迷宮(台)/轮回三角,导演:克里斯托弗·史密斯ChristopherSmith   主演:梅利莎·乔治Melissa...;2009 / 英国澳大利亚 / 剧情悬疑惊悚;;,8.4,不要企图在重复中寻找已经失去的爱。
模仿游戏 / TheImitationGame / 解码游戏(港)/模拟游戏,导演:莫腾·泰杜姆MortenTyldum   主演:本尼迪克特·康伯巴奇BenedictC...;2014 / 英国美国 / 剧情传记战争同性;;,8.6,他给机器起名“克里斯托弗”，因为这是他初恋的名字。
可可西里 / Kekexili:MountainPatrol,导演:陆川ChuanLu   主演:多布杰Duobujie/张磊LeiZhang/亓亮QiL...;2004 / 中国大陆香港 / 剧情犯罪;;,8.7,坚硬的信仰。
一个叫欧维的男人决定去死 / EnmansomheterOve / 明天别再来敲门(台)/想死冇咁易(港),导演:汉内斯·赫尔姆HannesHolm   主演:罗夫·拉斯加德RolfLassgård...;2015 / 瑞典 / 剧情;;,8.8,惠及一生的美丽。
忠犬八公物语 / ハチ公物語 / 八千公物语/阿八的故事,导演:SeijirôKôyama   主演:山本圭KeiYamamoto/井川比佐志Hisa...;1987 / 日本 / 剧情;;,9.1,养狗三日，便会对你终其一生。
一次别离 / جدایینادرازسیمین / 分居风暴(台)/伊朗式分居(港),导演:阿斯哈·法哈蒂AsgharFarhadi   主演:佩曼·莫阿迪PeymanMoadi/...;2011 / 伊朗法国 / 剧情家庭;;,8.7,只有有信仰的人才能说出事实真相。
战争之王 / LordofWar / 军火之王(台/港),导演:安德鲁·尼科尔AndrewNiccol   主演:尼古拉斯·凯奇NicolasCage/...;2005 / 美国法国 / 剧情犯罪;;,8.6,做一颗让别人需要你的棋子。
魔女宅急便 / 魔女の宅急便 / 魔女琪琪(台)/小魔女限时专送,导演:宫崎骏HayaoMiyazaki   主演:高山南MinamiTakayama/佐久间玲Re...;1989 / 日本 / 动画奇幻冒险;;,8.5,宫崎骏的电影总让人感觉世界是美好的，阳光明媚的。
追随 / Following / 跟踪(台)/致命追踪,导演:克里斯托弗·诺兰ChristopherNolan   主演:杰里米·西奥伯德Jeremy...;1998 / 英国 / 犯罪悬疑惊悚;;,8.9,诺兰的牛逼来源于内心散发出的恐惧。
哪吒闹海 / PrinceNezha'sTriumphAgainstDragonKing/Nezhanaohai,导演:严定宪DingxianYan/王树忱ShuchenWang   主演:梁正晖Zhenghui...;1979 / 中国大陆 / 冒险动画奇幻;;,8.9,想你时你在闹海。
完美陌生人 / Perfettisconosciuti / 完美谎情(港)/波动的信息分享,导演:保罗·格诺维瑟PaoloGenovese   主演:马可·贾利尼MarcoGiallini...;2016 / 意大利 / 剧情喜剧;;,8.6,来啊，互相伤害啊！
谍影重重 / TheBourneIdentity / 叛谍追击(港)/神鬼认证(台),导演:道格·里曼DougLiman   主演:马特·达蒙MattDamon/弗兰卡·波坦...;2002 / 美国德国捷克 / 动作悬疑惊悚;;,8.5,哗啦啦啦啦，天在下雨，哗啦啦啦啦，云在哭泣……找自己。
牯岭街少年杀人事件 / 牯嶺街少年殺人事件 / ABrighterSummerDay,导演:杨德昌EdwardYang   主演:张震ChenChang/杨静怡LisaYang/张...;1991 / 台湾 / 剧情犯罪;;,8.8,弱者送给弱者的一刀。
地球上的星星 / TaareZameenPar / 心中的小星星(台)/每一个孩子都是特别的,导演:阿米尔·汗AamirKhan   主演:达席尔·萨法瑞DarsheelSafary/阿...;2007 / 印度 / 剧情儿童家庭;;,8.9,天使保护事件始末。
撞车 / Crash / 冲击效应/冲撞,导演:保罗·哈吉斯PaulHaggis   主演:桑德拉·布洛克SandraBullock/...;2004 / 美国德国 / 犯罪剧情;;,8.6,天使与魔鬼的冲撞。
谍影重重2 / TheBourneSupremacy / 叛谍追击2：机密圈套(港)/神鬼认证：神鬼疑云(台),导演:保罗·格林格拉斯PaulGreengrass   主演:马特·达蒙MattDamon/...;2004 / 美国德国 / 动作悬疑惊悚;;,8.6,谁说王家卫镜头很晃？
惊魂记 / Psycho / 精神病患者/触目惊心,导演:AlfredHitchcock   主演:JanetLeigh/AnthonyPerkins/VeraMiles;1960 / 美国 / 悬疑惊悚恐怖;;,8.9,故事的反转与反转，分裂电影的始祖。
青蛇 / GreenSnake,导演:徐克HarkTsui   主演:张曼玉MaggieCheung/王祖贤JoeyWang/...;1993 / 香港 / 剧情奇幻古装;;,8.5,人生如此，浮生如斯。谁人言，花彼岸，此生情长意短。谁都是不懂爱的罢了。
黑客帝国3：矩阵革命 / TheMatrixRevolutions / 骇客任务完结篇：最后战役/廿二世纪杀人网络3：惊变世纪,导演:AndyWachowski/LarryWachowski   主演:KeanuReeves/LaurenceF...;2003 / 美国澳大利亚 / 动作科幻;;,8.6,不得不说，《黑客帝国》系列是商业片与科幻、哲学完美结合的典范。
梦之安魂曲 / RequiemforaDream / 噩梦挽歌(台)/迷上瘾(港),导演:达伦·阿伦诺夫斯基DarrenAronofsky   主演:艾伦·伯斯汀EllenBur...;2000 / 美国 / 剧情;;,8.7,一场没有春天的噩梦。
海街日记 / 海街diary / 海街女孩日记(港)/KamakuraDiary,导演:是枝裕和HirokazuKoreeda   主演:绫濑遥HarukaAyase/长泽雅美M...;2015 / 日本 / 剧情家庭;;,8.7,是枝裕和的家庭习作。
小萝莉的猴神大叔 / BajrangiBhaijaan / 娃娃返乡任务(台)/宝莱坞之钢铁奶爸(台),导演:卡比尔·汗KabirKhan   主演:萨尔曼·汗SalmanKhan/哈莎莉·马...;2015 / 印度 / 剧情喜剧动作;;,8.5,宝莱坞的萝莉与大叔。
再次出发之纽约遇见你 / BeginAgain / 再次出发/歌曲改变人生,导演:约翰·卡尼JohnCarney   主演:凯拉·奈特莉KeiraKnightley/马克...;2013 / 美国 / 喜剧爱情音乐;;,8.5,爱我就给我看你的播放列表。
新龙门客栈 / 新龍門客棧 / NewDragonGateInn,导演:李惠民RaymondLee   主演:张曼玉MaggieCheung/林青霞Brigitte...;1992 / 香港中国大陆 / 剧情动作武侠古装;;,8.5,嬉笑怒骂，调风动月。
步履不停 / 歩いても歩いても / 横山家之味(港)/步伐不停,导演:是枝裕和HirokazuKoreeda   主演:阿部宽HiroshiAbe/夏川结衣Yu...;2008 / 日本 / 剧情家庭;;,8.8,日本的家庭电影已经是世界巅峰了，步履不停是巅峰中的佳作。
东京物语 / 東京物語 / 东京故事/TokyoStory,导演:小津安二郎YasujirôOzu   主演:笠智众ChishûRyû/原节...;1953 / 日本 / 剧情家庭;;,9.2,东京那么大，如果有一天走失了，恐怕一辈子不能再相见。
终结者2：审判日 / Terminator2:JudgmentDay / 终结者2/终结者2：末日审判,导演:詹姆斯·卡梅隆JamesCameron   主演:阿诺·施瓦辛格ArnoldSchwarz...;1991 / 美国法国 / 动作科幻;;,8.6,少见的超越首部的续集，动作片中的经典。
源代码 / SourceCode / 启动原始码(台)/危机解密(港),导演:邓肯·琼斯DuncanJones   主演:杰克·吉伦哈尔JakeGyllenhaal/...;2011 / 美国加拿大 / 科幻悬疑惊悚;;,8.4,邓肯·琼斯继《月球》之后再度奉献出一部精彩绝伦的科幻佳作。
初恋这件小事 / สิ่งเล็กเล็กที่เรียกว่า...รัก / 初恋那件小事(港)/暗恋那点小事,导演:普特鹏·普罗萨卡·那·萨克那卡林PuttipongPromsakaNaSakolnakorn/华森·波克彭...;2010 / 泰国 / 剧情喜剧爱情;;,8.3,黑小鸭速效美白记。
城市之光 / CityLights / CityLights:AComedyRomanceinPantomime/LichterderGroßstadt,导演:CharlesChaplin   主演:查理·卓别林CharlesChaplin/弗吉尼亚·...;1931 / 美国 / 喜剧剧情爱情;;,9.2,永远的小人物，伟大的卓别林。
绿里奇迹 / TheGreenMile / 绿色奇迹(台)/绿色英里,导演:FrankDarabont   主演:汤姆·汉克斯TomHanks/大卫·摩斯DavidM...;1999 / 美国 / 犯罪剧情奇幻悬疑;;,8.7,天使暂时离开。
疯狂的石头 / CrazyStone,导演:宁浩HaoNing   主演:郭涛TaoGuo/刘桦HuaLiu/连晋TeddyLin;2006 / 中国大陆香港 / 喜剧犯罪;;,8.3,中国版《两杆大烟枪》。
爱在午夜降临前 / BeforeMidnight / 爱在午夜希腊时(台)/情约半生(港),导演:理查德·林克莱特RichardLinklater   主演:伊桑·霍克EthanHawke...;2013 / 美国 / 剧情爱情;;,8.8,所谓爱情，就是话唠一路，都不会心生腻烦，彼此嫌弃。
末路狂花 / Thelma&Louise / 塞尔玛与路易丝/末路狂花,导演:雷德利·斯科特RidleyScott   主演:吉娜·戴维斯GeenaDavis/苏...;1991 / 美国法国 / 犯罪剧情惊悚;;,8.7,没有了退路，只好飞向自由。
无耻混蛋 / InglouriousBasterds / 恶棍特工(台)/希魔撞正杀人狂(港),导演:QuentinTarantino   主演:布拉德·皮特BradPitt/梅拉尼·罗兰M...;2009 / 美国德国 / 剧情犯罪;;,8.5,昆汀同学越来越变态了，比北野武还杜琪峰。
秒速5厘米 / 秒速5センチメートル / 秒速五厘米/秒速5公分,导演:新海诚MakotoShinkai   主演:水桥研二KenjiMizuhashi/近藤好美...;2007 / 日本 / 动画剧情爱情;;,8.3,青春就是放弃和怀念。
这个男人来自地球 / TheManfromEarth / 地球不死人(港)/这个人来自洞穴,导演:理查德·沙因克曼RichardSchenkman   主演:大卫·李·史密斯David...;2007 / 美国 / 剧情科幻;;,8.5,科幻真正的魅力不是视觉效果能取代的。 
勇闯夺命岛 / TheRock / 石破天惊/绝地任务,导演:迈克尔·贝MichaelBay   主演:肖恩·康纳利SeanConnery/尼古拉...;1996 / 美国 / 动作冒险;;,8.6,类型片的极致。 
E.T.外星人 / E.T.:TheExtra-Terrestrial / 外星人E.T./外星人,导演:StevenSpielberg   主演:HenryThomas/DeeWallace/RobertMacNa...;1982 / 美国 / 剧情科幻;;,8.5,生病的E.T.皮肤的颜色就像柿子饼。
变脸 / Face/Off / 夺面双雄,导演:吴宇森JohnWoo   主演:约翰·特拉沃尔塔JohnTravolta/尼古拉斯...;1997 / 美国 / 动作科幻犯罪惊悚;;,8.4,当发哥的风衣、墨镜出现在了凯奇身上⋯⋯
碧海蓝天 / Legrandbleu / 碧海情深/夜海倾情,导演:LucBesson   主演:让-马克·巴尔Jean-MarcBarr/让·雷诺JeanRe...;1988 / 法国美国意大利 / 剧情爱情;;,8.7,在那片深蓝中，感受来自大海的忧伤寂寞与美丽自由。
卡萨布兰卡 / Casablanca / 北非谍影(港)/卡萨布兰卡,导演:MichaelCurtiz   主演:亨弗莱·鲍嘉HumphreyBogart/英格丽·褒曼...;1942 / 美国 / 剧情爱情战争;;,8.6,世界上有那么多女人那么多酒馆，但她偏偏走进我的这家。
彗星来的那一夜 / Coherence / 相干性/相干效应,导演:詹姆斯·沃德·布柯特JamesWardByrkit   主演:艾米丽·芭尔多尼Em...;2013 / 美国英国 / 科幻悬疑惊悚;;,8.4,小成本大魅力。
"黄金三镖客 / Ilbuono,ilbrutto,ilcattivo. / 好·坏·丑/独行侠决斗地狱门(港)",导演:SergioLeone   主演:ClintEastwood/EliWallach/LeeVanCleef;1966 / 意大利西班牙西德 / 冒险西部;;,9.1,最棒的西部片。
发条橙 / AClockworkOrange / 发条桔子/发条橙子,导演:StanleyKubrick   主演:MalcolmMcDowell/PatrickMagee/Michael...;1971 / 英国美国 / 犯罪剧情科幻;;,8.5,我完全康复了。
聚焦 / Spotlight / 焦点追击(港)/惊爆焦点(台),导演:托马斯·麦卡锡ThomasMcCarthy   主演:马克·鲁弗洛MarkRuffalo/...;2015 / 美国 / 剧情传记;;,8.8,新闻人的理性求真。
血钻 / BloodDiamond / 血腥钻石/滴血钻石,导演:爱德华·兹威克EdwardZwick   主演:莱昂纳多·迪卡普里奥Leonardo...;2006 / 美国德国 / 剧情惊悚冒险;;,8.6,每个美丽事物背后都是滴血的现实。
美国丽人 / AmericanBeauty / 美丽有罪(港)/美国心·玫瑰情(台),导演:萨姆·门德斯SamMendes   主演:凯文·史派西KevinSpacey/安妮特...;1999 / 美国 / 剧情爱情家庭;;,8.5,每个人的内心都是深不可测的大海。 
海盗电台 / TheBoatThatRocked / 出位乐人谷(港)/海盗电波,导演:理查德·柯蒂斯RichardCurtis   主演:比尔·奈伊BillNighy/肯尼...;2009 / 英国德国法国 / 剧情喜剧音乐;;,8.6,生命不止，摇滚不死。
非常嫌疑犯 / TheUsualSuspects / 刺激惊爆点(台)/普通嫌疑犯,导演:布莱恩·辛格BryanSinger   主演:史蒂芬·鲍德温StephenBaldwin/...;1995 / 德国美国 / 剧情犯罪悬疑惊悚;;,8.6,我不信仰上帝，但我敬畏上帝。
国王的演讲 / TheKing'sSpeech / 皇上无话儿(港)/王者之声：宣战时刻(台),导演:汤姆·霍珀TomHooper   主演:柯林·菲尔斯ColinFirth/杰弗里·...;2010 / 英国澳大利亚美国 / 剧情传记历史;;,8.3,皇上无话儿。
荒野生存 / IntotheWild / 浪荡天涯(港)/阿拉斯加之死(台),导演:西恩·潘SeanPenn   主演:埃米尔·赫斯基EmileHirsch/马西娅·...;2007 / 美国 / 冒险传记剧情;;,8.6,出门必备：本草纲目。
英国病人 / TheEnglishPatient / 英伦情人(台)/别问我是谁(港),导演:安东尼·明格拉AnthonyMinghella   主演:拉尔夫·费因斯RalphFien...;1996 / 美国英国 / 爱情剧情战争;;,8.5,"In memory, love lives forever..."
黑鹰坠落 / BlackHawkDown / 黑鹰降落/黑鹰计划,导演:雷德利·斯科特RidleyScott   主演:乔什·哈奈特JoshHartnett/...;2001 / 美国 / 动作历史战争;;,8.6,还原真实而残酷的战争。
我爱你 / 그대를사랑합니다 / 爱你/爱，是一生相伴(台),导演:秋昌民Chang-minChoo   主演:宋在河Jae-hoSong/李顺载Soon-jae...;2011 / 韩国 / 剧情爱情;;,9.0,你要相信，这世上真的有爱存在，不管在什么年纪 
千钧一发 / Gattaca / 变种异煞/自然人,导演:安德鲁·尼科尔AndrewNiccol   主演:伊桑·霍克EthanHawke/乌玛...;1997 / 美国 / 剧情科幻惊悚;;,8.7,一部能引人思考的科幻励志片。
遗愿清单 / TheBucketList / 玩转身前事(港)/一路玩到挂(台),导演:罗伯·莱纳RobReiner   主演:杰克·尼科尔森JackNicholson/摩根...;2007 / 美国 / 冒险喜剧剧情;;,8.5,用剩余不多的时间，去燃烧整个生命。
迁徙的鸟 / Lepeuplemigrateur / 鸟的迁徙/鸟与梦飞行,导演:雅克·贝汉JacquesPerrin/雅克·克鲁奥德JacquesCluzaud   主演:...;2001 / 法国德国意大利西班牙瑞士 / 纪录片;;,9.1,最美的飞翔。
荒岛余生 / CastAway / 浩劫重生(台)/劫后重生(港),导演:罗伯特·泽米吉斯RobertZemeckis   主演:汤姆·汉克斯TomHanks/...;2000 / 美国 / 冒险剧情;;,8.5,一个人的独角戏。
2001太空漫游 / 2001:ASpaceOdyssey / 2001：星际漫游/2001：太空奥德赛,导演:斯坦利·库布里克StanleyKubrick   主演:凯尔·杜拉KeirDullea/...;1968 / 英国美国 / 科幻惊悚冒险;;,8.7,现代科幻电影的开山之作，最伟大导演的最伟大影片。
勇士 / Warrior / 勇者无敌(台)/钢铁斗士(港),导演:加文·欧康诺GavinO'Connor   主演:汤姆·哈迪TomHardy/乔尔·...;2011 / 美国 / 剧情运动家庭;;,8.9,热血沸腾，相当完美的娱乐拳击大餐。
枪火 / 鎗火 / TheMission,导演:杜琪峰JohnnieTo   主演:吴镇宇FrancisNg/任达华SimonYam/...;1999 / 香港 / 剧情动作犯罪;;,8.7,一群演技精湛的戏骨，奉献出一个精致的黑帮小品，成就杜琪峰群戏的巅峰之作。
燕尾蝶 / スワロウテイル / SwallowtailButterfly/Suwarôteiru,导演:岩井俊二ShunjiIwai   主演:恰拉Chara/伊藤步AyumiIto/三上...;1996 / 日本 / 犯罪剧情;;,8.6,现实与童话交相辉映的旅程。
叫我第一名 / FrontoftheClass / 站在教室前/讲台前的我,导演:彼得·维纳PeterWerner   主演:詹姆斯·沃克JamesWolk/特里特·...;2008 / 美国 / 剧情传记;;,8.6,乐观比一切都有力量。
穆赫兰道 / MulhollandDr. / 穆荷兰大道(台)/失忆大道(港),导演:大卫·林奇DavidLynch   主演:娜奥米·沃茨NaomiWatts/劳拉·哈...;2001 / 法国美国 / 剧情悬疑惊悚;;,8.3,大卫·林奇的梦境迷宫。
海蒂和爷爷 / Heidi / 飘零燕(港)/海蒂,导演:阿兰·葛斯彭纳AlainGsponer   主演:阿努克·斯特芬AnukSteffen/...;2015 / 德国瑞士南非 / 剧情冒险家庭,9.0,
大卫·戈尔的一生 / TheLifeofDavidGale / 铁案悬谜/命悬一线,导演:AlanParker   主演:凯文·史派西KevinSpacey/凯特·温丝莱特Kat...;2003 / 美国德国英国 / 剧情犯罪悬疑;;,8.6,捍卫人权只是信仰，一点不妨碍其行为的残忍。
